name,country,position,age,overall_rating,potential,club,value,wage,total_stats,hits
 I. Sarr,Senegal,"RM,ST",,,,Watford,,,,
 S. Dest,United States,,,,,FC Barcelona,,,,
 M. Zaccagni,Italy,,,,,Hellas Verona,,,,
 M. Rashford,England,,,,,Manchester United,,,,
 João Félix,Portugal,,,,,Atlético Madrid,,,,
 P. Foden,England,,,,,Manchester City,,,,
 O. Kabak,Turkey,,,,,FC Schalke 04,,,,
 I. Konaté,France,,,,,RB Leipzig,,,,
 K. Havertz,Germany,,,,,Chelsea,,,,
 K. Walker-Peters,England,,,,,Southampton,,,,
 J. Koundé,France,,,,,Sevilla FC,,,,
 Riqui Puig,Spain,,,,,FC Barcelona,,,,
 Neymar Jr,Brazil,,,,,Paris Saint-Germain,,,,
 Adama Traoré,Spain,,,,,Wolverhampton Wanderers,,,,
 M. Ihattaren,Netherlands,,,,,PSV,,,,
 C. De Ketelaere,Belgium,,,,,Club Brugge KV,,,,
 H. Son,Korea Republic,,,,,Tottenham Hotspur,,,,
 Eric García,Spain,,,,,Manchester City,,,,
 D. Alaba,Austria,,,,,FC Bayern München,,,,
 J. Frimpong,Netherlands,,,,,Celtic,,,,
 N. Mukiele,France,,,,,RB Leipzig,,,,
 Nuno Tavares,Portugal,,,,,SL Benfica,,,,
 Gabriel Martinelli,Brazil,,,,,Arsenal,,,,
 M. Boadu,Netherlands,,,,,AZ Alkmaar,,,,
 M. Ødegaard,Norway,,,,,Real Madrid,,,,
 T. Lamptey,England,,,,,Brighton & Hove Albion,,,,
 K. Tierney,Scotland,,,,,Arsenal,,,,
 M. Aarons,England,,,,,Norwich City,,,,
 C. Jones,England,,,,,Liverpool,,,,
 S. Esposito,Italy,,,,,SPAL,,,,
 M. Djenepo,Mali,,,,,Southampton,,,,
 João Pedro,Brazil,,,,,Watford,,,,
 M. Vandevoordt,Belgium,,,,,KRC Genk,,,,
 Antony,Brazil,,,,,Ajax,,,,
 Y. Demir,Austria,,,,,SK Rapid Wien,,,,
 B. Williams,England,,,,,Manchester United,,,,
 A. Urzi,Argentina,,,,,Club Atlético Banfield,,,,
 Vinícius Jr.,Brazil,,,,,Real Madrid,,,,
 A. Isak,Sweden,,,,,Real Sociedad,,,,
 Z. Ibrahimović,Sweden,,,,,Milan,,,,
 Nuno Mendes,Portugal,,,,,Sporting CP,,,,
 H. Aouar,France,,,,,Olympique Lyonnais,,,,
 T. Hernández,France,,,,,Milan,,,,
 Ferran Torres,Spain,,,,,Manchester City,,,,
 Bruno Guimarães,Brazil,,,,,Olympique Lyonnais,,,,
 M. Kudus,Ghana,,,,,Ajax,,,,
 D. Zakaria,Switzerland,,,,,Borussia Mönchengladbach,,,,
 T. Kubo,Japan,,,,,Villarreal CF,,,,
 S. Botman,Netherlands,,,,,LOSC Lille,,,,
 A. Saint-Maximin,France,,,,,Newcastle United,,,,
 Cucurella,Spain,,,,,Getafe CF,,,,
 J. Musiala,England,,,,,FC Bayern München,,,,
 B. Osayi-Samuel,Nigeria,,,,,Queens Park Rangers,,,,
 D. Rice,England,,,,,West Ham United,,,,
 Fábio Silva,Portugal,,,,,Wolverhampton Wanderers,,,,
 K. Dembélé,England,,,,,Celtic,,,,
 C. Adams,England,,,,,Southampton,,,,
 Pedro Neto,Portugal,,,,,Wolverhampton Wanderers,,,,
 M. Salisu,Ghana,,,,,Southampton,,,,
 Sergio Ramos,Spain,,,,,Real Madrid,,,,
 O. Richards,England,"LB,LWB,LM",,,,Reading,,,,
 D. Ings,England,,,,,Southampton,,,,
 M. Simakan,France,,,,,RC Strasbourg Alsace,,,,
 A. Gómez,Mexico,,,,,Boavista FC,,,,
 E. Buendía,Argentina,,,,,Norwich City,,,,
 A. Akinfenwa,England,,,,,Wycombe Wanderers,,,,
 Pedro Gonçalves,Portugal,,,,,Sporting CP,,,,
 G. Montiel,Argentina,,,,,River Plate,,,,
 K. Koné,France,,,,,Toulouse Football Club,,,,
 X. Simons,Netherlands,,,,,Paris Saint-Germain,,,,
 C. Tzolis,Greece,,,,,PAOK,,,,
 Marcos Llorente,Spain,,,,,Atlético Madrid,,,,
 B. Saka,England,,,,,Arsenal,,,,
 T. Nianzou,France,,,,,FC Bayern München,,,,
 R. Gravenberch,Netherlands,,,,,Ajax,,,,
 A. Diallo,Ivory Coast,,,,,Atalanta,,,,
 E. Smith Rowe,England,,,,,Arsenal,,,,
 E. Camavinga,France,,,,,Stade Rennais FC,,,,
 J. Grealish,England,,,,,Aston Villa,,,,
 N. De la Cruz,Uruguay,,,,,River Plate,,,,
 L. Messi,Argentina,,,,,FC Barcelona,,,,
 W. Saliba,France,,,,,Arsenal,,,,
 Pedri,Spain,,,,,FC Barcelona,,,,
 J. Ward-Prowse,England,,,,,Southampton,,,,
 E. Haaland,Norway,,,,,Borussia Dortmund,,,,
 D. Man,Romania,,,,,FCSB (Steaua),,,,
 Emerson,Brazil,,,,,Real Betis,,,,
 R. Cherki,France,,,,,Olympique Lyonnais,,,,
 T. Alexander-Arnold,England,,,,,Liverpool,,,,
 G. Reyna,United States,,,,,Borussia Dortmund,,,,
 B. White,England,,,,,Brighton & Hove Albion,,,,
 K. Adeyemi,Germany,,,,,FC Red Bull Salzburg,,,,
 J. Gvardiol,Croatia,,,,,Dinamo Zagreb,,,,
 M. Greenwood,England,,,,,Manchester United,,,,
 D. Szoboszlai,Hungary,,,,,FC Red Bull Salzburg,,,,
 T. Almada,Argentina,,,,,Vélez Sarsfield,,,,
 F. Wirtz,Germany,,,,,Bayer 04 Leverkusen,,,,
 Pau Torres,Spain,,,,,Villarreal CF,,,,
 N. Madueke,England,,,,,PSV,,,,
 J. Bellingham,England,,,,,Borussia Dortmund,,,,
 Bruno Fernandes,Portugal,,,,,Manchester United,,,,
 Pol Lirola,Spain,,,,,Fiorentina,,,,
 D. Upamecano,France,,,,,RB Leipzig,,,,
 Ansu Fati,Spain,,,,,FC Barcelona,,,,
 A. Hložek,Czech Republic,,,,,Sparta Praha,,,,
 A. Davies,Canada,,,,,FC Bayern München,,,,
 K. Mbappé,France,,,,,Paris Saint-Germain,,,,
 Cristiano Ronaldo,Portugal,,,,,Juventus,,,,
 Matheus Cunha,Brazil,,,,,Hertha BSC,,,,
 J. David,Canada,,,,,LOSC Lille,,,,
 S. Tonali,Italy,,,,,Milan,,,,
 M. Olise,France,,,,,Reading,,,,
 L. Stergiou,Switzerland,,,,,FC St. Gallen,,,,
 W. Fofana,France,,,,,Leicester City,,,,
 J. Doku,Belgium,,,,,Stade Rennais FC,,,,
 F. Pellistri,Uruguay,,,,,Manchester United,,,,
 J. Brandt,Germany,,,,,Borussia Dortmund,,,,
 E. Tapsoba,Burkina Faso,,,,,Bayer 04 Leverkusen,,,,
 A. Velasco,Argentina,,,,,Independiente,,,,
 J. Sancho,England,,,,,Borussia Dortmund,,,,
 Gustavo Assunção,Brazil,CDM,,,,Famalicão,,,,
 R. Matondo,Wales,,,,,FC Schalke 04,,,,
 B. Gilmour,Scotland,,,,,Chelsea,,,,
 Joelson Fernandes,Portugal,,,,,Sporting CP,,,,
 D. Calvert-Lewin,England,,,,,Everton,,,,
 H. Kane,England,,,,,Tottenham Hotspur,,,,
 M. Kean,Italy,,,,,Paris Saint-Germain,,,,
 C. Eriksen,Denmark,,,,,Inter,,,,
 L. Martínez,Argentina,,,,,Inter,,,,
 Rodrygo,Brazil,,,,,Real Madrid,,,,
 T. Werner,Germany,,,,,Chelsea,,,,
 J. Bednarek,Poland,,,,,Southampton,,,,
 W. McKennie,United States,,,,,Juventus,,,,
 B. Kamara,France,,,,,Olympique de Marseille,,,,
 K. De Bruyne,Belgium,,,,,Manchester City,,,,
 M. Caqueret,France,,,,,Olympique Lyonnais,,,,
 Rúben Dias,Portugal,,,,,Manchester City,,,,
 C. Hudson-Odoi,England,,,,,Chelsea,,,,
 A. Lunin,Ukraine,,,,,Real Madrid,,,,
 E. Ampadu,Wales,,,,,Sheffield United,,,,
 J. Kimmich,Germany,,,,,FC Bayern München,,,,
 M. Depay,Netherlands,,,,,Olympique Lyonnais,,,,
 L. Netz,Germany,,,,,Hertha BSC,,,,
 Renato Sanches,Portugal,,,,,LOSC Lille,,,,
 R. James,England,,,,,Chelsea,,,,
 Trincão,Portugal,,,,,FC Barcelona,,,,
 F. de Jong,Netherlands,,,,,FC Barcelona,,,,
 A. Hakimi,Morocco,,,,,Inter,,,,
 D. Kulusevski,Sweden,,,,,Juventus,,,,
 M. Caicedo,Ecuador,,,,,Independiente del Valle,,,,
 D. Zagadou,France,,,,,Borussia Dortmund,,,,
 Marcos Antonio,Brazil,,,,,Shakhtar Donetsk,,,,
 J. Willock,England,,,,,Arsenal,,,,
 J. Draxler,Germany,,,,,Paris Saint-Germain,,,,
 I. Diallo,France,,,,,Southampton,,,,
 M. de Ligt,Netherlands,,,,,Juventus,,,,
 D. Malen,Netherlands,,,,,PSV,,,,
 Evanilson,Brazil,,,,,FC Porto,,,,
 J. Vestergaard,Denmark,,,,,Southampton,,,,
 Rafael Leão,Portugal,,,,,Milan,,,,
 R. Lewandowski,Poland,,,,,FC Bayern München,,,,
 F. Valverde,Uruguay,,,,,Real Madrid,,,,
 M. Diaby,France,,,,,Bayer 04 Leverkusen,,,,
 R. Jones,England,,,,,Peterborough United,,,,
 Eduardo Quaresma,Portugal,,,,,Sporting CP,,,,
 P. Pogba,France,,,,,Manchester United,,,,
 J. Hauge,Norway,,,,,Milan,,,,
 J. Zirkzee,Netherlands,,,,,FC Bayern München,,,,
 A. Armstrong,England,,,,,Blackburn Rovers,,,,
 M. Mount,England,,,,,Chelsea,,,,
 E. Nketiah,England,,,,,Arsenal,,,,
 B. Arrey-Mbi,Germany,,,,,Bayern München II,,,,
 A. Milik,Poland,,,,,Napoli,,,,
 D. van de Beek,Netherlands,,,,,Manchester United,,,,
 V. Osimhen,Nigeria,,,,,Napoli,,,,
 E. Eze,England,,,,,Crystal Palace,,,,
 F. Tomori,England,,,,,Chelsea,,,,
 L. Goretzka,Germany,,,,,FC Bayern München,,,,
 L. Jović,Serbia,,,,,Real Madrid,,,,
 M. Salah,Egypt,,,,,Liverpool,,,,
 K. Hoever,Netherlands,"RB,CB",,,,Wolverhampton Wanderers,,,,
 Oyarzabal,Spain,,,,,Real Sociedad,,,,
 O. Dembélé,France,,,,,FC Barcelona,,,,
 C. Pulisic,United States,,,,,Chelsea,,,,
 N. Williams,Wales,,,,,Liverpool,,,,
 K. Laimer,Austria,,,,,RB Leipzig,,,,
 A. Gómez,Argentina,,,,,Atalanta,,,,
 D. Henderson,England,,,,,Manchester United,,,,
 C. Kouamé,Ivory Coast,,,,,Fiorentina,,,,
 D. James,Wales,,,,,Manchester United,,,,
 O. Wijndal,Netherlands,,,,,AZ Alkmaar,,,,
 L. Klostermann,Germany,,,,,RB Leipzig,,,,
 P. De la Vega,Argentina,,,,,Club Atlético Lanús,,,,
 M. Edwards,England,,,,,Vitória Guimarães,,,,
 M. Guendouzi,France,,,,,Hertha BSC,,,,
 R. Nelson,England,,,,,Arsenal,,,,
 S. Wamangituka,DR Congo,,,,,VfB Stuttgart,,,,
 Gabriel,Brazil,,,,,Arsenal,,,,
 A. Wan-Bissaka,England,,,,,Manchester United,,,,
 Kangin Lee,Korea Republic,,,,,Valencia CF,,,,
 Bryan Gil,Spain,,,,,SD Eibar,,,,
 A. Robertson,Scotland,,,,,Liverpool,,,,
 Richarlison,Brazil,,,,,Everton,,,,
 A. Martial,France,,,,,Manchester United,,,,
 J. Vagnoman,Germany,,,,,Hamburger SV,,,,
 O. Ejaria,England,,,,,Reading,,,,
 Carlos Soler,Spain,,,,,Valencia CF,,,,
 P. Højbjerg,Denmark,,,,,Tottenham Hotspur,,,,
 I. Moriba,Guinea,,,,,FC Barcelona,,,,
 K. Diatta,Senegal,,,,,Club Brugge KV,,,,
 R. Aït Nouri,France,,,,,Wolverhampton Wanderers,,,,
 L. Bailey,Jamaica,,,,,Bayer 04 Leverkusen,,,,
 M. Obafemi,Republic of Ireland,,,,,Southampton,,,,
 R. Lukaku,Belgium,,,,,Inter,,,,
 E. Bailly,Ivory Coast,,,,,Manchester United,,,,
 E. Barco,Argentina,,,,,Atlanta United,,,,
 S. Gnabry,Germany,,,,,FC Bayern München,,,,
 A. Vranckx,Belgium,,,,,KV Mechelen,,,,
 S. Milinković-Savić,Serbia,,,,,Lazio,,,,
 D. Alli,England,,,,,Tottenham Hotspur,,,,
 M. Thuram,France,,,,,Borussia Mönchengladbach,,,,
 J. Maddison,England,,,,,Leicester City,,,,
 R. Sessegnon,England,,,,,TSG 1899 Hoffenheim,,,,
 P. Dybala,Argentina,,,,,Juventus,,,,
 S. Lammers,Netherlands,,,,,Atalanta,,,,
 H. Lozano,Mexico,,,,,Napoli,,,,
 T. Ndombele,France,,,,,Tottenham Hotspur,,,,
 T. Nakai,Japan,,,,,Real Madrid,,,,
 Tomás Tavares,Portugal,,,,,Deportivo Alavés,,,,
 J. Vardy,England,,,,,Leicester City,,,,
 M. Demiral,Turkey,,,,,Juventus,,,,
 F. Coman,Romania,,,,,FCSB (Steaua),,,,
 R. Hack,Germany,,,,,1. FC Nürnberg,,,,
 J. Ikoné,France,,,,,LOSC Lille,,,,
 H. Elliott,England,,,,,Blackburn Rovers,,,,
 J. Mæhle,Denmark,,,,,KRC Genk,,,,
 W. Ndidi,Nigeria,,,,,Leicester City,,,,
 H. Çalhanoğlu,Turkey,,,,,Milan,,,,
 B. Badiashile,France,,,,,AS Monaco,,,,
 J. Branthwaite,England,,,,,Everton,,,,
name,country,position,age,overall_rating,potential,club,value,wage,total_stats,hits
 Z. Çelik,Turkey,RB,23,,,LOSC Lille,,,,
 S. Dest,United States,RB,19,,,FC Barcelona,,,,
 M. Rashford,England,"LM,ST",22,,,Manchester United,,,,
 João Félix,Portugal,"CF,ST",20,,,Atlético Madrid,,,,
 M. Zaccagni,Italy,"CF,ST",25,,,Hellas Verona,,,,
 O. Kabak,Turkey,CB,20,,,FC Schalke 04,,,,
 I. Konaté,France,CB,21,,,RB Leipzig,,,,
 P. Foden,England,"CAM,CM,LW",20,,,Manchester City,,,,
 K. Havertz,Germany,"CAM,RM,CM",21,,,Chelsea,,,,
 J. Koundé,France,CB,21,,,Sevilla FC,,,,
 K. Walker-Peters,England,RB,23,,,Southampton,,,,
 C. De Ketelaere,Belgium,"CF,ST,CAM,CF,LW,ST,CF",19,,,Club Brugge KV,,,,
 Neymar Jr,Brazil,"LW,CAM",28,,,Paris Saint-Germain,,,,
 Riqui Puig,Spain,"CM,CAM",20,,,FC Barcelona,,,,
 H. Son,Korea Republic,"LM,CF,LW",27,,,Tottenham Hotspur,,,,
 D. Alaba,Austria,"CB,LB",28,,,FC Bayern München,,,,
 M. Ihattaren,Netherlands,"CAM,RM,CM",18,,,PSV,,,,
 Eric García,Spain,CB,19,,,Manchester City,,,,
 Adama Traoré,Spain,"RW,RWB",24,,,Wolverhampton Wanderers,,,,
 Nuno Tavares,Portugal,LB,20,,,SL Benfica,,,,
 Gabriel Martinelli,Brazil,"LW,LM,ST",19,,,Arsenal,,,,
 J. Frimpong,Netherlands,"RB,RWB,RM",19,,,Celtic,,,,
 M. Ødegaard,Norway,"CAM,CM",21,,,Real Madrid,,,,
 M. Boadu,Netherlands,ST,19,,,AZ Alkmaar,,,,
 N. Mukiele,France,"RWB,RM,RB,CB,RM",22,,,RB Leipzig,,,,
 K. Tierney,Scotland,"LB,LWB",23,,,Arsenal,,,,
 M. Aarons,England,RB,20,,,Norwich City,,,,
 T. Lamptey,England,"RWB,RB",19,,,Brighton & Hove Albion,,,,
 C. Jones,England,"CM,CAM",19,,,Liverpool,,,,
 João Pedro,Brazil,"ST,LM",18,,,Watford,,,,
 M. Vandevoordt,Belgium,GK,18,,,KRC Genk,,,,
 M. Djenepo,Mali,"LM,RM",22,,,Southampton,,,,
 S. Esposito,Italy,ST,17,,,SPAL,,,,
 A. Urzi,Argentina,"LM,CM,RM",20,,,Club Atlético Banfield,,,,
 Y. Demir,Austria,"CAM,RW",17,,,SK Rapid Wien,,,,
 B. Williams,England,"LB,LWB",19,,,Manchester United,,,,
 Antony,Brazil,"RW,LW",20,,,Ajax,,,,
 Vinícius Jr.,Brazil,LW,19,,,Real Madrid,,,,
 Nuno Mendes,Portugal,"LWB,LM",18,,,Sporting CP,,,,
 A. Isak,Sweden,ST,20,,,Real Sociedad,,,,
 H. Aouar,France,"CM,LM",22,,,Olympique Lyonnais,,,,
 T. Hernández,France,LB,22,,,Milan,,,,
 Ferran Torres,Spain,"RW,LW,ST",20,,,Manchester City,,,,
 D. Zakaria,Switzerland,"CDM,CB",23,,,Borussia Mönchengladbach,,,,
 T. Kubo,Japan,"RM,CM,CF",19,,,Villarreal CF,,,,
 Z. Ibrahimović,Sweden,ST,38,,,Milan,,,,
 Bruno Guimarães,Brazil,"CM,CDM,CDM,CM,CDM,CM",22,,,Olympique Lyonnais,,,,
 M. Kudus,Ghana,"CAM,CM",19,,,Ajax,,,,
 A. Saint-Maximin,France,"LM,LW,ST",23,,,Newcastle United,,,,
 Cucurella,Spain,"LM,LB",21,,,Getafe CF,,,,
 S. Botman,Netherlands,CB,20,,,LOSC Lille,,,,
 J. Musiala,England,"CAM,LM",17,,,FC Bayern München,,,,
 Fábio Silva,Portugal,ST,17,,,Wolverhampton Wanderers,,,,
 D. Rice,England,"N/A,CB,CDM,CM,CB",21,,,West Ham United,,,,
 K. Dembélé,England,RM,17,,,Celtic,,,,
 B. Osayi-Samuel,Nigeria,"RM,LM",22,,,Queens Park Rangers,,,,
 Sergio Ramos,Spain,CB,34,,,Real Madrid,,,,
 Pedro Neto,Portugal,"LW,RW",20,,,Wolverhampton Wanderers,,,,
 C. Adams,England,ST,23,,,Southampton,,,,
 M. Salisu,Ghana,CB,21,,,Southampton,,,,
 Gustavo Assunção,Brazil,CDM,20,,,Famalicão,,,,
 R. Matondo,Wales,"LM,ST,RM",19,,,FC Schalke 04,,,,
 B. Gilmour,Scotland,"CM,CAM",19,,,Chelsea,,,,
 D. Calvert-Lewin,England,ST,23,,,Everton,,,,
 Joelson Fernandes,Portugal,"RW,LW",17,,,Sporting CP,,,,
 Rodrygo,Brazil,RW,19,,,Real Madrid,,,,
 T. Werner,Germany,"ST,LW",24,,,Chelsea,,,,
 M. Kean,Italy,ST,20,,,Paris Saint-Germain,,,,
 C. Eriksen,Denmark,"CAM,CM",28,,,Inter,,,,
 H. Kane,England,ST,26,,,Tottenham Hotspur,,,,
 L. Martínez,Argentina,ST,22,,,Inter,,,,
 W. McKennie,United States,"CM,CDM,CB",21,,,Juventus,,,,
 B. Kamara,France,"CDM,CB",20,,,Olympique de Marseille,,,,
 J. Bednarek,Poland,CB,24,,,Southampton,,,,
 C. Hudson-Odoi,England,"RW,LW",19,,,Chelsea,,,,
 M. Caqueret,France,"CM,CDM",20,,,Olympique Lyonnais,,,,
 K. De Bruyne,Belgium,"CM,CAM",29,,,Manchester City,,,,
 Rúben Dias,Portugal,CB,23,,,Manchester City,,,,
 A. Lunin,Ukraine,GK,21,,,Real Madrid,,,,
 R. James,England,"RB,CDM",20,,,Chelsea,,,,
 Renato Sanches,Portugal,"CM,RM,CDM",22,,,LOSC Lille,,,,
 E. Ampadu,Wales,"CB,CDM",19,,,Sheffield United,,,,
 Trincão,Portugal,"RW,LW,CAM",20,,,FC Barcelona,,,,
 J. Kimmich,Germany,"CDM,RB",25,,,FC Bayern München,,,,
 L. Netz,Germany,"LB,LM",17,,,Hertha BSC,,,,
 M. Depay,Netherlands,"CF,LW,CAM",26,,,Olympique Lyonnais,,,,
 M. Caicedo,Ecuador,"CM,CDM",18,,,Independiente del Valle,,,,
 F. de Jong,Netherlands,"CM,CDM",23,,,FC Barcelona,,,,
 D. Kulusevski,Sweden,"RW,CAM",20,,,Juventus,,,,
 A. Hakimi,Morocco,RM,21,,,Inter,,,,
 D. Zagadou,France,CB,21,,,Borussia Dortmund,,,,
 D. Malen,Netherlands,ST,21,,,PSV,,,,
 Eduardo Quaresma,Portugal,CB,18,,,Sporting CP,,,,
 J. Willock,England,"CAM,CM",20,,,Arsenal,,,,
 J. Draxler,Germany,"CAM,CM,LW",26,,,Paris Saint-Germain,,,,
 Rafael Leão,Portugal,"ST,LM",21,,,Milan,,,,
 R. Jones,England,"ST,CAM,LW",17,,,Peterborough United,,,,
 Marcos Antonio,Brazil,"CM,CDM",20,,,Shakhtar Donetsk,,,,
 M. de Ligt,Netherlands,CB,20,,,Juventus,,,,
 Evanilson,Brazil,ST,20,,,FC Porto,,,,
 F. Valverde,Uruguay,CM,21,,,Real Madrid,,,,
 M. Diaby,France,"LM,LW",20,,,Bayer 04 Leverkusen,,,,
 P. Pogba,France,"CM,CDM",27,,,Manchester United,,,,
 R. Lewandowski,Poland,ST,31,,,FC Bayern München,,,,
 I. Diallo,France,"CDM,CM",21,,,Southampton,,,,
 J. Vestergaard,Denmark,CB,27,,,Southampton,,,,
 A. Armstrong,England,"ST,LW,RW",23,,,Blackburn Rovers,,,,
 J. Hauge,Norway,"LW,LM,LM",20,,,Milan,,,,
 M. Mount,England,"CAM,CM,LW",21,,,Chelsea,,,,
 J. Zirkzee,Netherlands,"ST,CAM",19,,,FC Bayern München,,,,
 E. Nketiah,England,ST,21,,,Arsenal,,,,
 A. Milik,Poland,ST,26,,,Napoli,,,,
 D. van de Beek,Netherlands,"CM,CAM",23,,,Manchester United,,,,
 B. Arrey-Mbi,Germany,"CB,LB",17,,,Bayern München II,,,,
 M. Salah,Egypt,RW,28,,,Liverpool,,,,
 V. Osimhen,Nigeria,ST,21,,,Napoli,,,,
 L. Jović,Serbia,ST,22,,,Real Madrid,,,,
 E. Eze,England,"CAM,LM",22,,,Crystal Palace,,,,
 F. Tomori,England,CB,22,,,Chelsea,,,,
 K. Hoever,Netherlands,"RB,CB",18,,,Wolverhampton Wanderers,,,,
 L. Goretzka,Germany,"CM,CDM",25,,,FC Bayern München,,,,
 O. Dembélé,France,"RW,LW",23,,,FC Barcelona,,,,
 C. Pulisic,United States,"LW,RW,LM",21,,,Chelsea,,,,
 D. James,Wales,"RM,LM,CF",22,,,Manchester United,,,,
 Oyarzabal,Spain,"LW,RW",23,,,Real Sociedad,,,,
 D. Henderson,England,GK,23,,,Manchester United,,,,
 K. Laimer,Austria,"CDM,CM,RB",23,,,RB Leipzig,,,,
 N. Williams,Wales,RB,19,,,Liverpool,,,,
 A. Gómez,Argentina,"CAM,CF,ST",32,,,Atalanta,,,,
 O. Wijndal,Netherlands,LB,20,,,AZ Alkmaar,,,,
 C. Kouamé,Ivory Coast,"ST,CF",22,,,Fiorentina,,,,
 M. Edwards,England,RW,21,,,Vitória Guimarães,,,,
 P. De la Vega,Argentina,"RW,LW",19,,,Club Atlético Lanús,,,,
 S. Wamangituka,DR Congo,"RM,LM,ST",20,,,VfB Stuttgart,,,,
 L. Klostermann,Germany,"CB,RB,RWB",24,,,RB Leipzig,,,,
 R. Nelson,England,"RW,LW,LM",20,,,Arsenal,,,,
 A. Wan-Bissaka,England,"RB,RWB",22,,,Manchester United,,,,
 M. Guendouzi,France,"CDM,CM",21,,,Hertha BSC,,,,
 Kangin Lee,Korea Republic,"ST,CAM,LM",19,,,Valencia CF,,,,
 A. Robertson,Scotland,LB,26,,,Liverpool,,,,
 Richarlison,Brazil,"ST,LW",23,,,Everton,,,,
 Gabriel,Brazil,CB,22,,,Arsenal,,,,
 A. Martial,France,ST,24,,,Manchester United,,,,
 Bryan Gil,Spain,"LM,CAM",19,,,SD Eibar,,,,
 I. Moriba,Guinea,"CM,CAM,CDM",17,,,FC Barcelona,,,,
 K. Diatta,Senegal,"RW,LW,ST",21,,,Club Brugge KV,,,,
 O. Ejaria,England,"N/A,CM,LM,CAM,CM",22,,,Reading,,,,
 P. Højbjerg,Denmark,"CDM,CM",24,,,Tottenham Hotspur,,,,
 S. Milinković-Savić,Serbia,"CM,CDM,CAM",25,,,Lazio,,,,
 Carlos Soler,Spain,"CM,RM,LM",23,,,Valencia CF,,,,
 R. Aït Nouri,France,"LWB,LB",19,,,Wolverhampton Wanderers,,,,
 A. Vranckx,Belgium,"CM,CDM",17,,,KV Mechelen,,,,
 E. Bailly,Ivory Coast,CB,26,,,Manchester United,,,,
 E. Barco,Argentina,"LM,CF",21,,,Atlanta United,,,,
 J. Vagnoman,Germany,"RB,LM,LB",19,,,Hamburger SV,,,,
 M. Obafemi,Republic of Ireland,ST,19,,,Southampton,,,,
 P. Dybala,Argentina,"CF,CAM",26,,,Juventus,,,,
 S. Gnabry,Germany,"RM,LM,RW",24,,,FC Bayern München,,,,
 L. Bailey,Jamaica,"LM,LW",22,,,Bayer 04 Leverkusen,,,,
 R. Lukaku,Belgium,ST,27,,,Inter,,,,
 R. Sessegnon,England,"LWB,LM,LB",20,,,TSG 1899 Hoffenheim,,,,
 S. Lammers,Netherlands,ST,23,,,Atalanta,,,,
 D. Alli,England,"CAM,CM,ST",24,,,Tottenham Hotspur,,,,
 J. Maddison,England,"CAM,CM,LW",23,,,Leicester City,,,,
 H. Lozano,Mexico,"RW,LW",24,,,Napoli,,,,
 M. Thuram,France,"LM,ST",22,,,Borussia Mönchengladbach,,,,
 Tomás Tavares,Portugal,RB,19,,,Deportivo Alavés,,,,
 M. Demiral,Turkey,CB,22,,,Juventus,,,,
 R. Hack,Germany,"LM,CAM",21,,,1. FC Nürnberg,,,,
 T. Nakai,Japan,CAM,16,,,Real Madrid,,,,
 T. Ndombele,France,"CM,CDM,CAM",23,,,Tottenham Hotspur,,,,
 W. Ndidi,Nigeria,"CDM,CM",23,,,Leicester City,,,,
 H. Elliott,England,RW,17,,,Blackburn Rovers,,,,
 J. Vardy,England,ST,33,,,Leicester City,,,,
 J. Ikoné,France,"RM,CAM,ST",22,,,LOSC Lille,,,,
 F. Coman,Romania,LW,22,,,FCSB (Steaua),,,,
 Thiago,Spain,"CM,CDM",29,,,Liverpool,,,,
 H. Çalhanoğlu,Turkey,"CAM,LW",26,,,Milan,,,,
 F. Neuhaus,Germany,CM,23,,,Borussia Mönchengladbach,,,,
 M. Kana,Belgium,"CDM,CB,CM",17,,,RSC Anderlecht,,,,
 O. Richards,England,"LB,LWB,LM",21,,,Reading,,,,
 D. Ings,England,ST,27,,,Southampton,,,,
 M. Simakan,France,"CB,RB",20,,,RC Strasbourg Alsace,,,,
 A. Gómez,Mexico,"LB,CB",18,,,Boavista FC,,,,
 E. Buendía,Argentina,RM,23,,,Norwich City,,,,
 A. Akinfenwa,England,ST,38,,,Wycombe Wanderers,,,,
 Pedro Gonçalves,Portugal,"CM,RW",22,,,Sporting CP,,,,
 G. Montiel,Argentina,"RB,RWB",23,,,River Plate,,,,
 K. Koné,France,CM,19,,,Toulouse Football Club,,,,
 X. Simons,Netherlands,CM,17,,,Paris Saint-Germain,,,,
 C. Tzolis,Greece,"LW,RW,ST",18,,,PAOK,,,,
 Marcos Llorente,Spain,"CM,RM,ST",25,,,Atlético Madrid,,,,
 T. Nianzou,France,"CB,CDM",18,,,FC Bayern München,,,,
 B. Saka,England,"LWB,LB",18,,,Arsenal,,,,
 R. Gravenberch,Netherlands,"CM,CDM",18,,,Ajax,,,,
 A. Diallo,Ivory Coast,ST,17,,,Atalanta,,,,
 E. Smith Rowe,England,"CAM,RW",19,,,Arsenal,,,,
 E. Camavinga,France,CM,17,,,Stade Rennais FC,,,,
 J. Grealish,England,"LW,CAM,CM",24,,,Aston Villa,,,,
 N. De la Cruz,Uruguay,"CM,CAM,LW",23,,,River Plate,,,,
 L. Messi,Argentina,"RW,ST,CF",33,,,FC Barcelona,,,,
 W. Saliba,France,CB,19,,,Arsenal,,,,
 Pedri,Spain,"LM,CAM,CM",17,,,FC Barcelona,,,,
 E. Haaland,Norway,ST,19,,,Borussia Dortmund,,,,
 J. Ward-Prowse,England,CM,25,,,Southampton,,,,
 D. Man,Romania,RW,21,,,FCSB (Steaua),,,,
 Emerson,Brazil,"RB,RM,RWB",21,,,Real Betis,,,,
 R. Cherki,France,"RW,LW,CAM",16,,,Olympique Lyonnais,,,,
 T. Alexander-Arnold,England,RB,21,,,Liverpool,,,,
 G. Reyna,United States,"CAM,LM,CF",17,,,Borussia Dortmund,,,,
 B. White,England,"N/A,CM,CB,CM",22,,,Brighton & Hove Albion,,,,
 K. Adeyemi,Germany,ST,18,,,FC Red Bull Salzburg,,,,
 J. Gvardiol,Croatia,"CB,LB",18,,,Dinamo Zagreb,,,,
 M. Greenwood,England,"RM,ST",18,,,Manchester United,,,,
 D. Szoboszlai,Hungary,"CAM,LM",19,,,FC Red Bull Salzburg,,,,
 F. Wirtz,Germany,"CAM,RM",17,,,Bayer 04 Leverkusen,,,,
 T. Almada,Argentina,"CAM,CM,LW",19,,,Vélez Sarsfield,,,,
 Pau Torres,Spain,CB,23,,,Villarreal CF,,,,
 N. Madueke,England,"RM,ST",18,,,PSV,,,,
 J. Bellingham,England,"CM,LM",17,,,Borussia Dortmund,,,,
 Bruno Fernandes,Portugal,"CAM,CM",25,,,Manchester United,,,,
 Pol Lirola,Spain,"RM,RB",22,,,Fiorentina,,,,
 D. Upamecano,France,CB,21,,,RB Leipzig,,,,
 Ansu Fati,Spain,LW,17,,,FC Barcelona,,,,
 A. Hložek,Czech Republic,"ST,LM,RM",17,,,Sparta Praha,,,,
 A. Davies,Canada,"LB,LM,RM",19,,,FC Bayern München,,,,
 K. Mbappé,France,"ST,LW,RW",21,,,Paris Saint-Germain,,,,
 Cristiano Ronaldo,Portugal,"ST,LW",35,,,Juventus,,,,
 Matheus Cunha,Brazil,"CAM,ST,LM",21,,,Hertha BSC,,,,
 J. David,Canada,"ST,CAM",20,,,LOSC Lille,,,,
 S. Tonali,Italy,"CDM,CM",20,,,Milan,,,,
 L. Stergiou,Switzerland,CB,18,,,FC St. Gallen,,,,
 M. Olise,France,"CAM,LM,RM",18,,,Reading,,,,
 W. Fofana,France,CB,19,,,Leicester City,,,,
 J. Doku,Belgium,"RW,LW",18,,,Stade Rennais FC,,,,
 F. Pellistri,Uruguay,"RM,RW",18,,,Manchester United,,,,
 J. Brandt,Germany,"CAM,CM,CF",24,,,Borussia Dortmund,,,,
 E. Tapsoba,Burkina Faso,CB,21,,,Bayer 04 Leverkusen,,,,
 J. Sancho,England,"RM,CF,CAM",20,,,Borussia Dortmund,,,,
 A. Velasco,Argentina,LM,17,,,Independiente,,,,
